{
    "spot_diameter_fullres": 14.25838510898061,
    "tissue_hires_scalef": 1.6299918500407498,
    "fiducial_diameter_fullres": 23.0327757259166,
    "tissue_lowres_scalef": 0.4889975550122249
}