{
    "spot_diameter_fullres": 14.213906596569432,
    "tissue_hires_scalef": 1.899335232668566,
    "fiducial_diameter_fullres": 22.960925821936673,
    "tissue_lowres_scalef": 0.5698005698005698
}