{
    "spot_diameter_fullres": 14.155615611198265,
    "tissue_hires_scalef": 1.7528483786152498,
    "fiducial_diameter_fullres": 22.866763461849263,
    "tissue_lowres_scalef": 0.5258545135845749
}